weapon,target(default=any),int_field(damage?),float_a(range?),float_b(range?)
knife-survival-mel-player,infected-bloater,8,-1.0,-1.0
knife-survival-mel-player,infected-runner,12,-1.0,-1.0
knife-survival-mel-player,?d292c22164f5d484,60,-1.0,-1.0
knife-survival-mel-player,?e77f5267cb3d32c3,8,-1.0,-1.0
hammer-modern,infected-bloater,8,-1.0,-1.0
hammer-modern,?d292c22164f5d484,60,-1.0,-1.0
hammer-modern,?e77f5267cb3d32c3,8,-1.0,-1.0
rifle-tommy,default,100,30.0,30.0
baseball-bat,infected-bloater,8,-1.0,-1.0
baseball-bat,?d292c22164f5d484,60,-1.0,-1.0
baseball-bat,?e77f5267cb3d32c3,8,-1.0,-1.0
machete,infected-bloater,8,-1.0,-1.0
machete,?d292c22164f5d484,60,-1.0,-1.0
machete,?e77f5267cb3d32c3,8,-1.0,-1.0
?166cd9365ddd83e6,default,20,-1.0,-1.0
pistol-revolver-joel-player,?090a354fd311358f,40,30.0,30.0
pistol-revolver-joel-player,?e77f5267cb3d32c3,40,30.0,30.0
pistol-revolver-joel-player,default,80,30.0,30.0
pistol-beretta,?090a354fd311358f,40,-1.0,-1.0
pistol-beretta,?4b354ec61b234f24,34,15.0,15.0
pistol-beretta,?57f9f9e711a58fc9,34,15.0,15.0
pistol-beretta,infected-bloater,40,-1.0,-1.0
pistol-beretta,infected-runner,30,-1.0,-1.0
pistol-beretta,?d292c22164f5d484,30,-1.0,-1.0
pistol-beretta,?e77f5267cb3d32c3,40,-1.0,-1.0
pistol-beretta,default,34,30.0,30.0
bow-ellie,?a4cbca4998942c3a,1000,150.0,300.0
bow-ellie,default,100,150.0,300.0
hatchet,infected-bloater,8,-1.0,-1.0
hatchet,?d292c22164f5d484,60,-1.0,-1.0
hatchet,?e77f5267cb3d32c3,8,-1.0,-1.0
?2c5dab322fe546b6,?090a354fd311358f,30,-1.0,-1.0
?2c5dab322fe546b6,?286fae2c07b85658,30,-1.0,-1.0
?2c5dab322fe546b6,infected-bloater,33,-1.0,-1.0
?2c5dab322fe546b6,infected-ratking,30,-1.0,-1.0
?2c5dab322fe546b6,?e77f5267cb3d32c3,33,-1.0,-1.0
?2c5dab322fe546b6,default,43,150.0,300.0
?2fa67b1df8f2b5e1,infected-bloater,8,-1.0,-1.0
?2fa67b1df8f2b5e1,?d292c22164f5d484,60,-1.0,-1.0
?2fa67b1df8f2b5e1,?e77f5267cb3d32c3,8,-1.0,-1.0
dagger-scar-lev-player,infected-bloater,8,-1.0,-1.0
dagger-scar-lev-player,infected-runner,12,-1.0,-1.0
dagger-scar-lev-player,?d292c22164f5d484,60,-1.0,-1.0
dagger-scar-lev-player,?e77f5267cb3d32c3,8,-1.0,-1.0
ammo-arrow-explosive,default,0,-1.0,-1.0
hatchet-black,infected-bloater,8,-1.0,-1.0
hatchet-black,?d292c22164f5d484,60,-1.0,-1.0
hatchet-black,?e77f5267cb3d32c3,8,-1.0,-1.0
pistol-xcaliber,?090a354fd311358f,70,-1.0,-1.0
pistol-xcaliber,?286fae2c07b85658,50,-1.0,-1.0
pistol-xcaliber,infected-bloater,80,-1.0,-1.0
pistol-xcaliber,infected-ratking,70,-1.0,-1.0
pistol-xcaliber,?e77f5267cb3d32c3,80,-1.0,-1.0
pistol-xcaliber,default,100,40.0,40.0
baseball-bat-metal,infected-bloater,8,-1.0,-1.0
baseball-bat-metal,?d292c22164f5d484,60,-1.0,-1.0
baseball-bat-metal,?e77f5267cb3d32c3,8,-1.0,-1.0
shotgun-dbl-barrel-abby,?090a354fd311358f,70,8.0,8.0
shotgun-dbl-barrel-abby,infected-shambler,70,8.0,8.0
shotgun-dbl-barrel-abby,infected-bloater,70,8.0,8.0
shotgun-dbl-barrel-abby,?d292c22164f5d484,75,8.0,8.0
shotgun-dbl-barrel-abby,?e77f5267cb3d32c3,70,8.0,8.0
shotgun-dbl-barrel-abby,default,101,8.0,8.0
hammer-scar,infected-bloater,8,-1.0,-1.0
hammer-scar,?d292c22164f5d484,60,-1.0,-1.0
hammer-scar,?e77f5267cb3d32c3,8,-1.0,-1.0
switchblade-dina-player,infected-bloater,8,-1.0,-1.0
switchblade-dina-player,infected-runner,12,-1.0,-1.0
switchblade-dina-player,?d292c22164f5d484,60,-1.0,-1.0
switchblade-dina-player,?e77f5267cb3d32c3,8,-1.0,-1.0
flamethrower,?090a354fd311358f,0,-1.0,-1.0
flamethrower,?286fae2c07b85658,0,-1.0,-1.0
flamethrower,infected-shambler,0,-1.0,-1.0
flamethrower,object,1,-1.0,-1.0
flamethrower,infected-bloater,0,-1.0,-1.0
flamethrower,infected-ratking,0,-1.0,-1.0
flamethrower,?e77f5267cb3d32c3,0,-1.0,-1.0
flamethrower,default,0,0.10000000149011612,1.0
?5b01679a334401e8,?d292c22164f5d484,30,-1.0,-1.0
?5b01679a334401e8,default,34,-1.0,-1.0
rifle-mpx5,?090a354fd311358f,16,15.0,15.0
rifle-mpx5,?4b354ec61b234f24,28,15.0,15.0
rifle-mpx5,?57f9f9e711a58fc9,28,15.0,15.0
rifle-mpx5,?e77f5267cb3d32c3,16,15.0,15.0
rifle-mpx5,default,28,22.5,22.5
abby-unarmed,infected-bloater,8,-1.0,-1.0
abby-unarmed,infected-ratking,25,-1.0,-1.0
abby-unarmed,infected-runner,12,-1.0,-1.0
abby-unarmed,?d292c22164f5d484,60,-1.0,-1.0
abby-unarmed,?e77f5267cb3d32c3,8,-1.0,-1.0
shotgun-baserri-over-under,?090a354fd311358f,46,10.0,10.0
shotgun-baserri-over-under,?286fae2c07b85658,0,-1.0,-1.0
shotgun-baserri-over-under,infected-clicker,125,10.0,10.0
shotgun-baserri-over-under,infected-shambler,55,10.0,10.0
shotgun-baserri-over-under,infected-bloater,50,10.0,10.0
shotgun-baserri-over-under,infected-ratking,46,10.0,10.0
shotgun-baserri-over-under,?d292c22164f5d484,50,10.0,10.0
shotgun-baserri-over-under,?e77f5267cb3d32c3,50,10.0,10.0
shotgun-baserri-over-under,default,100,10.0,10.0
rifle-vepr,?090a354fd311358f,30,-1.0,-1.0
rifle-vepr,?286fae2c07b85658,30,-1.0,-1.0
rifle-vepr,infected-bloater,33,-1.0,-1.0
rifle-vepr,infected-ratking,30,-1.0,-1.0
rifle-vepr,?e77f5267cb3d32c3,33,-1.0,-1.0
rifle-vepr,default,43,40.0,40.0
pistol-glock,?286fae2c07b85658,40,-1.0,-1.0
pistol-glock,infected-ratking,40,-1.0,-1.0
pistol-glock,infected-runner,30,-1.0,-1.0
pistol-glock,?d292c22164f5d484,30,-1.0,-1.0
pistol-glock,default,34,30.0,30.0
?736531e7872f6453,infected-bloater,8,-1.0,-1.0
?736531e7872f6453,?d292c22164f5d484,60,-1.0,-1.0
?736531e7872f6453,?e77f5267cb3d32c3,8,-1.0,-1.0
rifle-tommy-abby-player,?090a354fd311358f,80,30.0,30.0
rifle-tommy-abby-player,?e77f5267cb3d32c3,80,30.0,30.0
rifle-tommy-abby-player,default,100,30.0,30.0
pipe-wrench,infected-bloater,8,-1.0,-1.0
pipe-wrench,?d292c22164f5d484,60,-1.0,-1.0
pipe-wrench,?e77f5267cb3d32c3,8,-1.0,-1.0
crowbar,infected-bloater,8,-1.0,-1.0
crowbar,?d292c22164f5d484,60,-1.0,-1.0
crowbar,?e77f5267cb3d32c3,8,-1.0,-1.0
rifle-assault-firefly-ellie-player,?090a354fd311358f,16,15.0,15.0
rifle-assault-firefly-ellie-player,?4b354ec61b234f24,28,15.0,15.0
rifle-assault-firefly-ellie-player,?57f9f9e711a58fc9,28,15.0,15.0
rifle-assault-firefly-ellie-player,?e77f5267cb3d32c3,16,15.0,15.0
rifle-assault-firefly-ellie-player,default,28,22.5,22.5
crossbow,default,80,150.0,300.0
rifle-lever-action,default,50,-1.0,-1.0
?8bd070b05d9c140e,infected-shambler,170,-1.0,-1.0
?8bd070b05d9c140e,buddy,10,-1.0,-1.0
?8bd070b05d9c140e,scar-brute,250,-1.0,-1.0
?8bd070b05d9c140e,default,150,-1.0,-1.0
lead-pipe,infected-bloater,8,-1.0,-1.0
lead-pipe,?d292c22164f5d484,60,-1.0,-1.0
lead-pipe,?e77f5267cb3d32c3,8,-1.0,-1.0
rifle-bolt-scar,default,50,-1.0,-1.0
?a1130a6d7634cb3a,?090a354fd311358f,66,-1.0,-1.0
?a1130a6d7634cb3a,?286fae2c07b85658,0,-1.0,-1.0
?a1130a6d7634cb3a,buddy,10,-1.0,-1.0
?a1130a6d7634cb3a,infected-ratking,66,-1.0,-1.0
?a1130a6d7634cb3a,default,100,-1.0,-1.0
hatchet-scar,infected-bloater,8,-1.0,-1.0
hatchet-scar,?d292c22164f5d484,60,-1.0,-1.0
hatchet-scar,?e77f5267cb3d32c3,8,-1.0,-1.0
machete-wood,infected-bloater,8,-1.0,-1.0
machete-wood,?d292c22164f5d484,60,-1.0,-1.0
machete-wood,?e77f5267cb3d32c3,8,-1.0,-1.0
?a9677100c7f9ddf0,?090a354fd311358f,70,8.0,8.0
?a9677100c7f9ddf0,infected-clicker,151,10.0,10.0
?a9677100c7f9ddf0,infected-shambler,70,8.0,8.0
?a9677100c7f9ddf0,infected-bloater,70,8.0,8.0
?a9677100c7f9ddf0,?d292c22164f5d484,75,8.0,8.0
?a9677100c7f9ddf0,?e77f5267cb3d32c3,70,8.0,8.0
?a9677100c7f9ddf0,default,101,8.0,8.0
?ac3bca539d5a2aa4,?286fae2c07b85658,0,-1.0,-1.0
?ac3bca539d5a2aa4,buddy,10,-1.0,-1.0
?ac3bca539d5a2aa4,default,150,-1.0,-1.0
?b068d51fafe4bce2,?090a354fd311358f,62,10.0,10.0
?b068d51fafe4bce2,?286fae2c07b85658,0,-1.0,-1.0
?b068d51fafe4bce2,infected-shambler,76,10.0,10.0
?b068d51fafe4bce2,?57f9f9e711a58fc9,70,10.0,10.0
?b068d51fafe4bce2,?95c3f01b85775e3b,70,10.0,10.0
?b068d51fafe4bce2,infected-bloater,70,10.0,10.0
?b068d51fafe4bce2,infected-ratking,62,10.0,10.0
?b068d51fafe4bce2,?d292c22164f5d484,70,10.0,10.0
?b068d51fafe4bce2,?e77f5267cb3d32c3,70,10.0,10.0
?b068d51fafe4bce2,default,230,10.0,10.0
scythe-scar,infected-bloater,8,-1.0,-1.0
scythe-scar,?d292c22164f5d484,60,-1.0,-1.0
scythe-scar,?e77f5267cb3d32c3,8,-1.0,-1.0
?c2bf3d2a20990333,player,50,-1.0,-1.0
?c2bf3d2a20990333,buddy,10,-1.0,-1.0
?c2bf3d2a20990333,object,50,-1.0,-1.0
?c2bf3d2a20990333,default,100,-1.0,-1.0
shotgun-remington-pump,?090a354fd311358f,70,8.0,8.0
shotgun-remington-pump,infected-clicker,151,10.0,10.0
shotgun-remington-pump,infected-shambler,70,8.0,8.0
shotgun-remington-pump,infected-bloater,70,8.0,8.0
shotgun-remington-pump,?d292c22164f5d484,75,8.0,8.0
shotgun-remington-pump,?e77f5267cb3d32c3,70,8.0,8.0
shotgun-remington-pump,default,101,8.0,8.0
switchblade,infected-bloater,8,-1.0,-1.0
switchblade,infected-runner,12,-1.0,-1.0
switchblade,?d292c22164f5d484,60,-1.0,-1.0
switchblade,?e77f5267cb3d32c3,8,-1.0,-1.0
?ca943f7048900833,?286fae2c07b85658,0,-1.0,-1.0
?ca943f7048900833,buddy,10,-1.0,-1.0
?ca943f7048900833,default,150,-1.0,-1.0
two-by-four,infected-bloater,8,-1.0,-1.0
two-by-four,?d292c22164f5d484,60,-1.0,-1.0
two-by-four,?e77f5267cb3d32c3,8,-1.0,-1.0
rifle-galil,?4b354ec61b234f24,28,15.0,15.0
rifle-galil,default,28,1000.0,1000.0
rifle-mini-14,?090a354fd311358f,30,-1.0,-1.0
rifle-mini-14,infected-clicker,30,-1.0,-1.0
rifle-mini-14,infected-shambler,30,-1.0,-1.0
rifle-mini-14,infected-bloater,30,-1.0,-1.0
rifle-mini-14,?e77f5267cb3d32c3,30,-1.0,-1.0
rifle-mini-14,default,45,1000.0,30.0
?e0c7224aa9d9bac8,?090a354fd311358f,70,-1.0,-1.0
?e0c7224aa9d9bac8,?286fae2c07b85658,50,-1.0,-1.0
?e0c7224aa9d9bac8,infected-bloater,80,-1.0,-1.0
?e0c7224aa9d9bac8,infected-ratking,70,-1.0,-1.0
?e0c7224aa9d9bac8,?e77f5267cb3d32c3,80,-1.0,-1.0
?e0c7224aa9d9bac8,default,100,150.0,300.0
bottle,infected-bloater,8,-1.0,-1.0
bottle,?d292c22164f5d484,60,-1.0,-1.0
bottle,?e77f5267cb3d32c3,8,-1.0,-1.0
machete-scar,infected-bloater,8,-1.0,-1.0
machete-scar,?d292c22164f5d484,60,-1.0,-1.0
machete-scar,?e77f5267cb3d32c3,8,-1.0,-1.0
rifle-remington-bolt,?4b354ec61b234f24,80,20.0,20.0
rifle-remington-bolt,?57f9f9e711a58fc9,80,20.0,20.0
rifle-remington-bolt,infected-bloater,70,-1.0,-1.0
rifle-remington-bolt,default,80,150.0,300.0
?e2d02987906d233d,player,200,-1.0,-1.0
?e2d02987906d233d,buddy,10,-1.0,-1.0
?e2d02987906d233d,object,50,-1.0,-1.0
?e2d02987906d233d,default,100,-1.0,-1.0
?e43123478de563b2,default,0,-1.0,-1.0
club-2h-scar,infected-bloater,8,-1.0,-1.0
club-2h-scar,?d292c22164f5d484,60,-1.0,-1.0
club-2h-scar,?e77f5267cb3d32c3,8,-1.0,-1.0
pistol-revolver-owen-player,default,80,30.0,30.0
pistol-revolver-taurus,?090a354fd311358f,40,30.0,30.0
pistol-revolver-taurus,infected-clicker,43,-1.0,-1.0
pistol-revolver-taurus,?4b354ec61b234f24,60,15.0,15.0
pistol-revolver-taurus,?57f9f9e711a58fc9,60,15.0,15.0
pistol-revolver-taurus,?e77f5267cb3d32c3,40,30.0,30.0
pistol-revolver-taurus,default,50,30.0,30.0
club-1h-police,infected-bloater,8,-1.0,-1.0
club-1h-police,?d292c22164f5d484,60,-1.0,-1.0
club-1h-police,?e77f5267cb3d32c3,8,-1.0,-1.0
club-1h-scar,infected-bloater,8,-1.0,-1.0
club-1h-scar,?d292c22164f5d484,60,-1.0,-1.0
club-1h-scar,?e77f5267cb3d32c3,8,-1.0,-1.0
brick,infected-bloater,8,-1.0,-1.0
brick,?d292c22164f5d484,60,-1.0,-1.0
brick,?e77f5267cb3d32c3,8,-1.0,-1.0
